<?xml version="1.0" encoding="UTF-8" ?>
<!DOCTYPE configuration
        PUBLIC "-//mybatis.org//DTD Config 3.0//EN"
        "http://mybatis.org/dtd/mybatis-3-config.dtd">
<configuration>
    <!-- 配置全局属性 -->
    <settings>
        <!--
        SLF4J
        Apache Commons Logging
        Log4j 2
        Log4j
        JDK logging
        日志输出会以以上的顺序查找，如果使用了第一个就不会再使用第二个，以此类推，加入下面这行代码避免这种情况
        因为我要使用log4j2-->
        <setting name="logImpl" value="STDOUT_LOGGING"/>
        <!--开启mybatis查询的延迟加载，XXXmapper.xml中的resultMap标签中的association和collaction标签中的select属性
        能够实现需要的时候（调用对象中的getXX的时候）再去执行select属性中的查询
        lazyLoadingEnabled:开启延迟加载
        aggressiveLazyLoading：积极加载改为消极加载
        -->
        <setting name="lazyLoadingEnabled" value="true"/>
        <setting name="aggressiveLazyLoading" value="false"/>
       <!-- 缓存：
        mybatis默认开启保存在sqlSession中的一级缓存，当执行更新操作并commit后一级缓存清空
        mybatis开启二级缓存:二级缓存保存在以mapper.xml文件的namespace为区分的二级缓存区域中
        开启方式：
        1.配置文件的settings中配置(mybatis默认就是true,开启的)-->
        <setting name="cacheEnabled" value="true"/>
        <!--2.在XXXMapper.xml文件中的mapper标签中添加,例如
        <mapper namespace="com.yys.dao.EmployeeEntityMapper">
        &lt;!&ndash;开启本mapper的namespace下的二级缓存&ndash;&gt;
        <cache/>-->
       <!-- 3.pojo类要实现序列化接口 implements Serializable,
        实现序列化接口的目的是为了硬盘等存储介质中的缓存数据取出，执行反序列化操作
        因为二级缓存的存储介质不一定在内存-->
       <!-- 4. useCache="false"禁用二级缓存 ，对于每次查询都需要最新数据的情况，禁用二级缓存，禁用方式如下：
        <select id="selectByPrimaryKey" parameterType="java.lang.Integer" resultMap="BaseResultMap" useCache="false">
        -->
       <!-- 5.如果同一个namespase中执行了更新等方法，name二级缓存会清空-->

        <!-- 对于未知的SQL查询，允许返回不同的结果集 -->
        <setting name="multipleResultSetsEnabled" value="true"/>

    </settings>
   <!-- 使用别名-->
    <!--<typeAliases>
        &lt;!&ndash;单个别名&ndash;&gt;
       &lt;!&ndash;<typeAlias type="com.yys.entity.EmployeeEntity"  alias="EmployeeEntity"></typeAlias>&ndash;&gt;
        &lt;!&ndash;批量定义别名，制定一个包，包中的所有实体类的别名都是类名（首字母大小写都行）&ndash;&gt;
        <package name="com.yys.entity" />
    </typeAliases>-->
    <plugins>
        <!--配置分页插件PageHelper-->
        <plugin interceptor="com.github.pagehelper.PageHelper">
            <property name="dialect" value="mysql"/>
            <property name="offsetAsPageNum" value="false"/>
            <property name="rowBoundsWithCount" value="false"/>
            <property name="pageSizeZero" value="true"/>
            <!--reasonable：分页合理化参数，默认值为false。
                当该参数设置为 true 时，pageNum<=0 时会查询第一页，
                pageNum>pages（超过总数时），会查询最后一页。
                默认false 时，直接根据参数进行查询。-->
            <property name="reasonable" value="true"/>
            <property name="supportMethodsArguments" value="false"/>
            <property name="returnPageInfo" value="none"/>
        </plugin>
    </plugins>
</configuration>