<?xml version="1.0" encoding="UTF-8"?>
<beans xmlns="http://www.springframework.org/schema/beans"
       xmlns:xsi="http://www.w3.org/2001/XMLSchema-instance"
       xmlns:context="http://www.springframework.org/schema/context"
       xmlns:mvc="http://www.springframework.org/schema/mvc"
       xsi:schemaLocation="http://www.springframework.org/schema/beans
    http://www.springframework.org/schema/beans/spring-beans.xsd
    http://www.springframework.org/schema/context
    http://www.springframework.org/schema/context/spring-context.xsd
    http://www.springframework.org/schema/mvc
    http://www.springframework.org/schema/mvc/spring-mvc-3.0.xsd">

    <!-- 配置SpringMVC -->
    <!-- 1.开启SpringMVC注解模式，省去配置mvc映射器和适配器 ,同时注解驱动默认加载很多参数绑定方法，
    比如默认加载json解析器等，自定义参数绑定等-->
   <!-- conversionService接口向适配器处理器中注入自定义的参数绑定组件-->
    <mvc:annotation-driven conversion-service="conversionService" validator="validator"/>
   <!-- 自定义的参数绑定组件
   org.springframework.format.support.FormattingConversionServiceFactoryBean位于spring-context jar包
   -->
    <bean id="conversionService" class="org.springframework.format.support.FormattingConversionServiceFactoryBean">
        <!--注入自己写的conversion参数绑定转化器-->
        <property name="converters">
            <list>
                <!--日期类型的装换-->
                <bean class="com.yys.controller.converter.EmployeeDateConverter"></bean>
                <!--其他类型，比方说字符串去空格的转换等-->
                <!--<bean></bean>-->
            </list>
        </property>
    </bean>
    <!-- 2.静态资源默认servlet配置
     如果发现是静态资源的请求，就将该请求转由Web应用服务器默认的Servlet处理，
     如果不是静态资源的请求，才由DispatcherServlet继续处理。-->
    <mvc:default-servlet-handler/>
    <!--或者
    <mvc:resources mapping="/js/**" location="/js/"/>
    <mvc:resources mapping="/img/**" location="/img/"/>-->

    <!-- 3.配置jsp ViewResolver -->
    <bean class="org.springframework.web.servlet.view.InternalResourceViewResolver">
        <property name="viewClass" value="org.springframework.web.servlet.view.JstlView"/>
        <property name="prefix" value="/WEB-INF/views"/>
        <property name="suffix" value=".jsp"/>
    </bean>

    <!-- 4.注解组件扫描，扫描相关的包中的@Controller、@ Service、@Compenent等注解-->
    <context:component-scan base-package="com.yys.controller"/>
    <context:component-scan base-package="com.yys.service"/>

   <!-- 5.配置校验-->
      <!--  校验文件的配置顺序
        第一：配置spring框架的校验接口，并将hibernate的validation校验器以及校验错误信息配置文件注入到其中
        第二：配置校验错误信息配置文件，并将此配置文件注入到spring框架的校验接口中，并编写校验规则properties
        第三：将配置好的校验器注入到springMVC的适配器中，
        通过<mvc:annotation-driven conversion-service="conversionService" validator="validator"/>
        中的validator="校验器id"注入-->

    <bean id="validator" class="org.springframework.validation.beanvalidation.LocalValidatorFactoryBean">
        <property name="providerClass" value="org.hibernate.validator.HibernateValidator"/>
        <property name="validationMessageSource" ref="messageSource"/>
    </bean>
        <!--校验错误信息配置文件-->
    <bean id="messageSource" class="org.springframework.context.support.ReloadableResourceBundleMessageSource">

        <property name="basenames">
            <list>
                <value>classpath:CustomValidationMessages</value>
            </list>
        </property>
        <property name="defaultEncoding" value="utf-8"/>
        <property name="cacheSeconds" value="120"/>
    </bean>
<!--6.配置全局异常处理器-->
   <!-- 只要实现了HandlerExceptionResolver接口就是全局异常处理器，只有一个起作用-->
    <bean class="org.springframework.web.multipart.commons.CommonsMultipartResolver"/>

    <!--7.文件上传解析器-->
    <bean id="multipartResolver" class="org.springframework.web.multipart.commons.CommonsMultipartResolver">
        <!--设置文件上传最大尺寸-->
        <property name="maxUploadSize">
            <value>5242880</value>
        </property>
    </bean>
    <!--8.拦截器的配置-->
    <mvc:interceptors>
        <!--多个拦截器顺序执行-->
        <mvc:interceptor>
           <!-- /**表示拦截所有url包括子url ,/*表示只拦截一层url-->
        <mvc:mapping path="/**"/>
        <bean class="com.yys.interceptor.HandlerInterceptor1"/>
    </mvc:interceptor>
        <mvc:interceptor>
            <mvc:mapping path="/**"/>
            <bean class="com.yys.interceptor.HandlerInterceptor2"/>
        </mvc:interceptor>
    </mvc:interceptors>


</beans>