<?xml version="1.0" encoding="UTF-8"?>
<beans xmlns="http://www.springframework.org/schema/beans"
       xmlns:xsi="http://www.w3.org/2001/XMLSchema-instance"
       xmlns:context="http://www.springframework.org/schema/context"
       xmlns:tx="http://www.springframework.org/schema/tx"
       xsi:schemaLocation="http://www.springframework.org/schema/beans
       http://www.springframework.org/schema/beans/spring-beans.xsd
       http://www.springframework.org/schema/context
       http://www.springframework.org/schema/context/spring-context.xsd
       http://www.springframework.org/schema/tx
       http://www.springframework.org/schema/tx/spring-tx.xsd">


    <!-- 1.配置数据库相关参数properties的属性：${url} -->
    <context:property-placeholder location="classpath*:*.properties"/>

    <bean id="dataSource" class="com.mchange.v2.c3p0.ComboPooledDataSource">
        <property name="driverClass" value="${jdbc.driver}"/>
        <property name="jdbcUrl" value="${jdbc.url}"/>
        <property name="user" value="${jdbc.username}"/>
        <property name="password" value="${jdbc.password}"/>
        <property name="maxPoolSize" value="${c3p0.maxPoolSize}"/>
        <property name="minPoolSize" value="${c3p0.minPoolSize}"/>
        <property name="autoCommitOnClose" value="${c3p0.autoCommitOnClose}"/>
        <property name="checkoutTimeout" value="${c3p0.checkoutTimeout}"/>
        <property name="acquireRetryAttempts" value="${c3p0.acquireRetryAttempts}"/>
    </bean>

    <!-- 2.配置SqlSessionFactory对象 -->
    <bean id="sqlSessionFactory" class="org.mybatis.spring.SqlSessionFactoryBean">
        <!-- 注入数据库连接池 -->
        <property name="dataSource" ref="dataSource"/>
        <!-- 配置MyBatis全局配置文件:mybatis-config.xml -->
        <property name="configLocation" value="classpath:mybatis-config.xml"/>
        <!-- 扫描实体entity包 使用别名 -->
        <property name="typeAliasesPackage" value="com.yys.entity"/>
        <!-- 扫描mapper配置文件:mapper需要的xml文件 -->
        <property name="mapperLocations" value="classpath:mapper/*.xml"/>
    </bean>

    <!-- 4.配置扫描Dao接口包，动态实现Dao接口，注入到spring容器中 -->
    <bean class="org.mybatis.spring.mapper.MapperScannerConfigurer">
        <!-- 注入sqlSessionFactory -->
        <property name="sqlSessionFactoryBeanName" value="sqlSessionFactory"/>
        <!-- 给出需要扫描Dao接口包，扫描多个包的话使用半角逗号隔开 -->
        <property name="basePackage" value="com.yys.dao"/>
    </bean>

    <!-- 5.配置事务管理器 -->
    <bean id="transactionManager" class="org.springframework.jdbc.datasource.DataSourceTransactionManager">
        <!-- 注入数据库连接池 -->
        <property name="dataSource" ref="dataSource"/>
    </bean>
         <!-- 配置基于注解的声明式事务 -->
    <tx:annotation-driven transaction-manager="transactionManager"/>
    <!--6.引入redis参数
    &lt;!&ndash; redis连接池 &ndash;&gt;
    <bean id="poolConfig" class="redis.clients.jedis.JedisPoolConfig">
        &lt;!&ndash; 最大连接数 &ndash;&gt;
        <property name="maxIdle" value="${redis.maxIdle}" />
        &lt;!&ndash; 最大空闲数 &ndash;&gt;
        <property name="maxTotal" value="${redis.maxActive}" />
        &lt;!&ndash; 最大等待时间 &ndash;&gt;
        <property name="maxWaitMillis" value="${redis.maxWait}" />
        &lt;!&ndash; 返回连接时，检测连接是否成功 &ndash;&gt;
        <property name="testOnBorrow" value="${redis.testOnBorrow}" />
    </bean>
    &lt;!&ndash; Spring-redis连接池管理工厂 &ndash;&gt;
    <bean id="jedisConnectionFactory" class="org.springframework.data.redis.connection.jedis.JedisConnectionFactory">
        &lt;!&ndash; IP地址 &ndash;&gt;
        <property name="hostName" value="${redis.host}" />
        &lt;!&ndash; 端口号 &ndash;&gt;
        <property name="port" value="${redis.port}" />
        &lt;!&ndash; 超时时间 &ndash;&gt;
        <property name="timeout" value="${redis.timeout}" />
        <property name="poolConfig" ref="poolConfig" />
    </bean>
    &lt;!&ndash; redis模板类，提供了对缓存的增删改查 &ndash;&gt;
    <bean id="redisTemplate" class="org.springframework.data.redis.core.RedisTemplate">
        <property name="connectionFactory" ref="jedisConnectionFactory" />
        <property name="keySerializer">
            <bean class="org.springframework.data.redis.serializer.StringRedisSerializer" />
        </property>
        <property name="valueSerializer">
            <bean class="org.springframework.data.redis.serializer.JdkSerializationRedisSerializer" />
        </property>
        <property name="hashKeySerializer">
            <bean class="org.springframework.data.redis.serializer.StringRedisSerializer" />
        </property>
        &lt;!&ndash;开启事务 &ndash;&gt;
        <property name="enableTransactionSupport" value="true"></property>
    </bean>
    &lt;!&ndash; 使用中间类解决RedisCache.jedisConnectionFactory的静态注入，从而使MyBatis实现第三方缓存 &ndash;&gt;
    <bean id="redisCacheTransfer" class="com.yys.utils.RedisCacheTransfer">
        <property name="jedisConnectionFactory" ref="jedisConnectionFactory"/>
    </bean>

    &lt;!&ndash; Redis缓存管理对象 &ndash;&gt;
    <bean id="cacheManager" class="org.springframework.data.redis.cache.RedisCacheManager">
        <constructor-arg index="0" ref="redisTemplate" />
    </bean>-->
</beans>