<?xml version="1.0" encoding="UTF-8"?>
<!DOCTYPE mapper PUBLIC "-//mybatis.org//DTD Mapper 3.0//EN" "http://mybatis.org/dtd/mybatis-3-mapper.dtd">
<mapper namespace="com.yys.dao.EmployeeEntityMapper">
    <!--开启本mapper的namespace下的二级缓存
    flushInterval：刷新间隔，每隔一段时间自动清空二级缓存
    type：实现mybatis的缓存接口Cache的二级缓存实现类的类型
        mybatis默认的实现了缓存接口的实现类是PerpetualCache，
        当 mybatis和其他分布式缓存框架（比如redis、memcache、ehcache）整合以后type就可以是整合包中的实现了Mybatis中Cache
        接口的实现类
        mybatis和分布式缓存框架的整合步骤是(以ehcache为例)：
        1.加入ehcache、mybatis-ehcache的依赖包
        2.mapper.xml中cache标签中type属性设为ehcache中的mybatis中缓存接口的实现类EhcacheCache
        3.使用ehcache的配置文件
二级缓存的应用场景与局限性：
应用场景：对于请求较多的查询请求且对数据实时性要求不高，或者查询比较耗时的情况，例如电话账单查询
 局限性：二级缓存的局限性很大，因为如果二级缓存中有很多数据，
 此时只要执行一条跟新操作那么同一个namespace下的二级缓存都会被清空，缓存的命中率并不高
 如何解决二级缓存的局限性，使用三级缓存，即由程序员在业务层根据具体需求对数据进行缓存，
 来实现细粒度级别的数据缓存（改哪条刷新那条的缓存）
    -->
    <!--<cache  flushInterval="100000" type="org.mybatis.caches.ehcache.EhcacheCache"/>-->
    <cache  flushInterval="100000" type="org.mybatis.caches.ehcache.EhcacheCache"/>
    <resultMap id="BaseResultMap" type="EmployeeEntity">
        <id column="id" jdbcType="INTEGER" property="id"/>
        <result column="job" jdbcType="VARCHAR" property="job"/>
        <result column="address" jdbcType="VARCHAR" property="address"/>
        <result column="age" jdbcType="INTEGER" property="age"/>
        <result column="sex" jdbcType="VARCHAR" property="sex"/>
        <result column="employee_name" jdbcType="VARCHAR" property="employeeName"/>
    </resultMap>
    <sql id="Base_Column_List">
    id, job, address, age, sex, employee_name
  </sql>
   <!-- useCache="false"禁用二级缓存,一般不需要-->
<!--    <select id="selectByPrimaryKey" parameterType="java.lang.Integer" resultMap="BaseResultMap" useCache="false">-->
    <select id="selectByPrimaryKey" parameterType="java.lang.Integer" resultMap="BaseResultMap" useCache="true" >
        select
        <include refid="Base_Column_List"/>
        from employee
        where id = #{id,jdbcType=INTEGER}
    </select>
    <select id="selectAllEmployee" resultMap="BaseResultMap">
        select
        <include refid="Base_Column_List"/>
        from employee
    </select>
    <delete id="deleteByPrimaryKey" parameterType="int">
    delete from employee
    where id = #{id,jdbcType=INTEGER}
  </delete>
    <insert id="insert" parameterType="EmployeeEntity">
        <!--   1. 对于自增主键可以使用selectKey标签来将刚刚插入的对象时数据库自增的主键返回给实体类，
                select last_insert_id() 用于查询刚刚自增的主键值，
                keyProperty：属性表示要将查询的主键的值赋值给实体对象的哪个属性，
                order：属性表示selectKey的sql语句相对于insert语句的执行顺序，这里选择After
              2.对于非自增主键，同样可以使用selectKey标签，生成并返回这个主键值到实体对象中
                 select uuid() 用于在插入数据来之前生成这个非自增主键，然后再执行插入的操作
                 keyProperty：属性表示要将查询的主键的值赋值给实体对象的哪个属性，
                order：属性表示selectKey的sql语句相对于insert语句的执行顺序,这里选择Before
        -->
        <selectKey keyProperty="id" order="AFTER" resultType="java.lang.Integer">
             select last_insert_id()
        </selectKey>
        <!--<selectKey keyProperty="student_no" order="BEFORE" resultType="java.lang.String">
            select uuid()
        </selectKey>-->
        insert into employee (id, job, address,
        age, sex, employee_name
        )
        values (#{id,jdbcType=INTEGER}, #{job,jdbcType=VARCHAR}, #{address,jdbcType=VARCHAR},
        #{age,jdbcType=INTEGER}, #{sex,jdbcType=VARCHAR}, #{employeeName,jdbcType=VARCHAR}
        )
    </insert>
    <insert id="insertSelective" parameterType="EmployeeEntity">
        insert into employee
        <trim prefix="(" suffix=")" suffixOverrides=",">
            <if test="id != null">
                id,
            </if>
            <if test="job != null">
                job,
            </if>
            <if test="address != null">
                address,
            </if>
            <if test="age != null">
                age,
            </if>
            <if test="sex != null">
                sex,
            </if>
            <if test="employeeName != null">
                employee_name,
            </if>
        </trim>
        <trim prefix="values (" suffix=")" suffixOverrides=",">
            <if test="id != null">
                #{id,jdbcType=INTEGER},
            </if>
            <if test="job != null">
                #{job,jdbcType=VARCHAR},
            </if>
            <if test="address != null">
                #{address,jdbcType=VARCHAR},
            </if>
            <if test="age != null">
                #{age,jdbcType=INTEGER},
            </if>
            <if test="sex != null">
                #{sex,jdbcType=VARCHAR},
            </if>
            <if test="employeeName != null">
                #{employeeName,jdbcType=VARCHAR},
            </if>
        </trim>
    </insert>
    <update id="updateByPrimaryKeySelective" parameterType="EmployeeEntity">
        update employee
        <set>
            <if test="employeePic != null">
                employee_pic = #{employeePic,jdbcType=VARCHAR},
            </if>
            <if test="createTime != null">
                create_time = #{createTime,jdbcType=TIMESTAMP},
            </if>
            <if test="job != null">
                job = #{job,jdbcType=VARCHAR},
            </if>
            <if test="address != null">
                address = #{address,jdbcType=VARCHAR},
            </if>
            <if test="age != null">
                age = #{age,jdbcType=INTEGER},
            </if>
            <if test="sex != null">
                sex = #{sex,jdbcType=VARCHAR},
            </if>
            <if test="employeeName != null">
                employee_name = #{employeeName,jdbcType=VARCHAR},
            </if>
        </set>
        where id = #{id,jdbcType=INTEGER}
    </update>
    <update id="updateByPrimaryKey" parameterType="EmployeeEntity">
     update employee
    set employee_pic = #{employeePic,jdbcType=VARCHAR},
      create_time = #{createTime,jdbcType=TIMESTAMP},
      job = #{job,jdbcType=VARCHAR},
      address = #{address,jdbcType=VARCHAR},
      age = #{age,jdbcType=INTEGER},
      sex = #{sex,jdbcType=VARCHAR},
      employee_name = #{employeeName,jdbcType=VARCHAR}
    where id = #{id,jdbcType=INTEGER}
  </update>
</mapper>